{"loss": -3.61286997795105e-05, "iterations": 583000, "_runtime": 50261, "_timestamp": 1649311432, "_step": 1748, "JSD_point_distance": 0.33423352241516113, "True_mean": 0.005518737249076366, "Gen_mean": 0.009514917619526386, "JSD x": 0.05622903257608414, "JSD y": 0.044627465307712555, "n_iter": 583000}