{"loss": 3.876879811286926e-05, "iterations": 200000, "_runtime": 16804, "_timestamp": 1649261094, "_step": 399, "mse angle": 1.8285186290740967, "mse_data": 1.6013240814208984, "mse_0": 0.4431813359260559, "mse_1": 0.3496776223182678, "jsd_1": 0.164132758975029, "jsd_2": 0.12872375547885895, "n_iter": 200000}