{"loss": 4.468750953674316e-05, "iterations": 123000, "_runtime": 10023, "_timestamp": 1649254362, "_step": 368, "JSD_point_distance": 0.39834511280059814, "True_mean": 0.005518737249076366, "Gen_mean": 0.03358129411935806, "JSD x": 0.24266840517520905, "JSD y": 0.09640586376190186, "n_iter": 123000}